Feature,Importance
IPV,0.7771188613158712
IPP,0.14560132271008872
IAA,0.04661580954841584
IPS,0.027379524640797542
IAN,0.003284481784826786
